bert-base-uncased	{'Length': {'devacc': 51.62, 'acc': 51.25, 'ndev': 10000, 'ntest': 10000}, 'Tense': {'devacc': 90.27, 'acc': 88.35, 'ndev': 10000, 'ntest': 10000}, 'Depth': {'devacc': 30.39, 'acc': 30.01, 'ndev': 10000, 'ntest': 10000}, 'CR': {'devacc': 86.73, 'acc': 86.65, 'ndev': 3775, 'ntest': 3775}, 'MR': {'devacc': 81.88, 'acc': 81.94, 'ndev': 10662, 'ntest': 10662}, 'MPQA': {'devacc': 87.78, 'acc': 87.96, 'ndev': 10606, 'ntest': 10606}, 'SUBJ': {'devacc': 95.34, 'acc': 95.7, 'ndev': 10000, 'ntest': 10000}, 'SST2': {'devacc': 85.78, 'acc': 86.66, 'ndev': 872, 'ntest': 1821}, 'SST5': {'devacc': 46.05, 'acc': 45.84, 'ndev': 1101, 'ntest': 2210}}
./finetuned-scrumbled-wikitext2-3e-4/checkpoint-80	{'Length': {'devacc': 57.06, 'acc': 57.83, 'ndev': 10000, 'ntest': 10000}, 'Tense': {'devacc': 89.68, 'acc': 88.55, 'ndev': 10000, 'ntest': 10000}, 'Depth': {'devacc': 28.16, 'acc': 28.38, 'ndev': 10000, 'ntest': 10000}, 'CR': {'devacc': 84.15, 'acc': 83.79, 'ndev': 3775, 'ntest': 3775}, 'MR': {'devacc': 78.58, 'acc': 78.78, 'ndev': 10662, 'ntest': 10662}, 'MPQA': {'devacc': 87.93, 'acc': 88.27, 'ndev': 10606, 'ntest': 10606}, 'SUBJ': {'devacc': 94.34, 'acc': 94.36, 'ndev': 10000, 'ntest': 10000}, 'SST2': {'devacc': 83.26, 'acc': 84.29, 'ndev': 872, 'ntest': 1821}, 'SST5': {'devacc': 44.69, 'acc': 43.85, 'ndev': 1101, 'ntest': 2210}}
./finetuned-scrumbled-wikitext2-3e-4/checkpoint-160	{'Length': {'devacc': 54.75, 'acc': 58.3, 'ndev': 10000, 'ntest': 10000}, 'Tense': {'devacc': 89.66, 'acc': 88.33, 'ndev': 10000, 'ntest': 10000}, 'Depth': {'devacc': 29.3, 'acc': 28.23, 'ndev': 10000, 'ntest': 10000}, 'CR': {'devacc': 84.51, 'acc': 84.5, 'ndev': 3775, 'ntest': 3775}, 'MR': {'devacc': 78.43, 'acc': 78.96, 'ndev': 10662, 'ntest': 10662}, 'MPQA': {'devacc': 86.56, 'acc': 86.63, 'ndev': 10606, 'ntest': 10606}, 'SUBJ': {'devacc': 94.3, 'acc': 94.26, 'ndev': 10000, 'ntest': 10000}, 'SST2': {'devacc': 82.8, 'acc': 83.42, 'ndev': 872, 'ntest': 1821}, 'SST5': {'devacc': 44.32, 'acc': 45.84, 'ndev': 1101, 'ntest': 2210}}
./finetuned-scrumbled-wikitext2-3e-4/checkpoint-240	{'Length': {'devacc': 55.56, 'acc': 56.15, 'ndev': 10000, 'ntest': 10000}, 'Tense': {'devacc': 89.45, 'acc': 87.4, 'ndev': 10000, 'ntest': 10000}, 'Depth': {'devacc': 28.42, 'acc': 26.95, 'ndev': 10000, 'ntest': 10000}, 'CR': {'devacc': 81.92, 'acc': 82.2, 'ndev': 3775, 'ntest': 3775}, 'MR': {'devacc': 76.71, 'acc': 77.2, 'ndev': 10662, 'ntest': 10662}, 'MPQA': {'devacc': 85.79, 'acc': 86.01, 'ndev': 10606, 'ntest': 10606}, 'SUBJ': {'devacc': 93.15, 'acc': 93.56, 'ndev': 10000, 'ntest': 10000}, 'SST2': {'devacc': 81.54, 'acc': 80.72, 'ndev': 872, 'ntest': 1821}, 'SST5': {'devacc': 42.78, 'acc': 43.3, 'ndev': 1101, 'ntest': 2210}}
./finetuned-scrumbled-wikitext2-3e-4/checkpoint-320	{'Length': {'devacc': 67.25, 'acc': 63.32, 'ndev': 10000, 'ntest': 10000}, 'Tense': {'devacc': 88.58, 'acc': 86.47, 'ndev': 10000, 'ntest': 10000}, 'Depth': {'devacc': 29.21, 'acc': 28.19, 'ndev': 10000, 'ntest': 10000}, 'CR': {'devacc': 82.16, 'acc': 82.12, 'ndev': 3775, 'ntest': 3775}, 'MR': {'devacc': 75.97, 'acc': 76.19, 'ndev': 10662, 'ntest': 10662}, 'MPQA': {'devacc': 85.54, 'acc': 85.76, 'ndev': 10606, 'ntest': 10606}, 'SUBJ': {'devacc': 92.74, 'acc': 92.85, 'ndev': 10000, 'ntest': 10000}, 'SST2': {'devacc': 82.68, 'acc': 81.27, 'ndev': 872, 'ntest': 1821}, 'SST5': {'devacc': 44.5, 'acc': 42.85, 'ndev': 1101, 'ntest': 2210}}
./finetuned-scrumbled-wikitext2-3e-4/checkpoint-400	{'Length': {'devacc': 65.05, 'acc': 63.68, 'ndev': 10000, 'ntest': 10000}, 'Tense': {'devacc': 87.95, 'acc': 86.0, 'ndev': 10000, 'ntest': 10000}, 'Depth': {'devacc': 28.95, 'acc': 28.38, 'ndev': 10000, 'ntest': 10000}, 'CR': {'devacc': 80.44, 'acc': 81.06, 'ndev': 3775, 'ntest': 3775}, 'MR': {'devacc': 75.15, 'acc': 75.89, 'ndev': 10662, 'ntest': 10662}, 'MPQA': {'devacc': 85.39, 'acc': 85.27, 'ndev': 10606, 'ntest': 10606}, 'SUBJ': {'devacc': 92.74, 'acc': 92.98, 'ndev': 10000, 'ntest': 10000}, 'SST2': {'devacc': 79.82, 'acc': 79.63, 'ndev': 872, 'ntest': 1821}, 'SST5': {'devacc': 42.6, 'acc': 42.58, 'ndev': 1101, 'ntest': 2210}}
./finetuned-scrumbled-wikitext2-3e-4/checkpoint-480	{'Length': {'devacc': 59.49, 'acc': 56.63, 'ndev': 10000, 'ntest': 10000}, 'Tense': {'devacc': 87.94, 'acc': 86.25, 'ndev': 10000, 'ntest': 10000}, 'Depth': {'devacc': 29.16, 'acc': 28.53, 'ndev': 10000, 'ntest': 10000}, 'CR': {'devacc': 80.58, 'acc': 81.14, 'ndev': 3775, 'ntest': 3775}, 'MR': {'devacc': 73.48, 'acc': 73.98, 'ndev': 10662, 'ntest': 10662}, 'MPQA': {'devacc': 85.73, 'acc': 85.9, 'ndev': 10606, 'ntest': 10606}, 'SUBJ': {'devacc': 92.43, 'acc': 92.54, 'ndev': 10000, 'ntest': 10000}, 'SST2': {'devacc': 78.21, 'acc': 78.03, 'ndev': 872, 'ntest': 1821}, 'SST5': {'devacc': 40.24, 'acc': 41.49, 'ndev': 1101, 'ntest': 2210}}
./finetuned-scrumbled-wikitext2-3e-4/checkpoint-560	{'Length': {'devacc': 48.03, 'acc': 47.07, 'ndev': 10000, 'ntest': 10000}, 'Tense': {'devacc': 87.48, 'acc': 85.36, 'ndev': 10000, 'ntest': 10000}, 'Depth': {'devacc': 27.27, 'acc': 27.42, 'ndev': 10000, 'ntest': 10000}, 'CR': {'devacc': 78.0, 'acc': 78.83, 'ndev': 3775, 'ntest': 3775}, 'MR': {'devacc': 73.63, 'acc': 73.65, 'ndev': 10662, 'ntest': 10662}, 'MPQA': {'devacc': 83.54, 'acc': 84.29, 'ndev': 10606, 'ntest': 10606}, 'SUBJ': {'devacc': 91.87, 'acc': 92.22, 'ndev': 10000, 'ntest': 10000}, 'SST2': {'devacc': 79.24, 'acc': 77.54, 'ndev': 872, 'ntest': 1821}, 'SST5': {'devacc': 41.6, 'acc': 39.55, 'ndev': 1101, 'ntest': 2210}}
./finetuned-scrumbled-wikitext2-3e-4/checkpoint-640	{'Length': {'devacc': 53.59, 'acc': 51.97, 'ndev': 10000, 'ntest': 10000}, 'Tense': {'devacc': 86.8, 'acc': 84.94, 'ndev': 10000, 'ntest': 10000}, 'Depth': {'devacc': 28.74, 'acc': 28.31, 'ndev': 10000, 'ntest': 10000}, 'CR': {'devacc': 79.12, 'acc': 79.73, 'ndev': 3775, 'ntest': 3775}, 'MR': {'devacc': 73.07, 'acc': 73.55, 'ndev': 10662, 'ntest': 10662}, 'MPQA': {'devacc': 85.78, 'acc': 85.79, 'ndev': 10606, 'ntest': 10606}, 'SUBJ': {'devacc': 91.64, 'acc': 91.65, 'ndev': 10000, 'ntest': 10000}, 'SST2': {'devacc': 79.59, 'acc': 79.9, 'ndev': 872, 'ntest': 1821}, 'SST5': {'devacc': 39.69, 'acc': 41.09, 'ndev': 1101, 'ntest': 2210}}
./finetuned-scrumbled-wikitext2-3e-4/checkpoint-720	{'Length': {'devacc': 57.52, 'acc': 56.99, 'ndev': 10000, 'ntest': 10000}, 'Tense': {'devacc': 87.99, 'acc': 85.98, 'ndev': 10000, 'ntest': 10000}, 'Depth': {'devacc': 29.41, 'acc': 29.21, 'ndev': 10000, 'ntest': 10000}, 'CR': {'devacc': 80.34, 'acc': 80.21, 'ndev': 3775, 'ntest': 3775}, 'MR': {'devacc': 73.95, 'acc': 74.46, 'ndev': 10662, 'ntest': 10662}, 'MPQA': {'devacc': 86.33, 'acc': 86.97, 'ndev': 10606, 'ntest': 10606}, 'SUBJ': {'devacc': 92.41, 'acc': 92.72, 'ndev': 10000, 'ntest': 10000}, 'SST2': {'devacc': 78.1, 'acc': 78.36, 'ndev': 872, 'ntest': 1821}, 'SST5': {'devacc': 41.78, 'acc': 40.95, 'ndev': 1101, 'ntest': 2210}}
./finetuned-scrumbled-wikitext2-3e-4/checkpoint-800	{'Length': {'devacc': 61.46, 'acc': 60.81, 'ndev': 10000, 'ntest': 10000}, 'Tense': {'devacc': 87.01, 'acc': 84.68, 'ndev': 10000, 'ntest': 10000}, 'Depth': {'devacc': 29.05, 'acc': 29.93, 'ndev': 10000, 'ntest': 10000}, 'CR': {'devacc': 80.49, 'acc': 79.81, 'ndev': 3775, 'ntest': 3775}, 'MR': {'devacc': 73.55, 'acc': 73.74, 'ndev': 10662, 'ntest': 10662}, 'MPQA': {'devacc': 86.25, 'acc': 86.71, 'ndev': 10606, 'ntest': 10606}, 'SUBJ': {'devacc': 92.29, 'acc': 92.59, 'ndev': 10000, 'ntest': 10000}, 'SST2': {'devacc': 79.47, 'acc': 78.69, 'ndev': 872, 'ntest': 1821}, 'SST5': {'devacc': 42.23, 'acc': 40.18, 'ndev': 1101, 'ntest': 2210}}
./finetuned-scrumbled-wikitext2-3e-4/checkpoint-880	{'Length': {'devacc': 56.83, 'acc': 55.68, 'ndev': 10000, 'ntest': 10000}, 'Tense': {'devacc': 86.62, 'acc': 84.86, 'ndev': 10000, 'ntest': 10000}, 'Depth': {'devacc': 28.58, 'acc': 28.61, 'ndev': 10000, 'ntest': 10000}, 'CR': {'devacc': 79.03, 'acc': 79.6, 'ndev': 3775, 'ntest': 3775}, 'MR': {'devacc': 72.62, 'acc': 73.49, 'ndev': 10662, 'ntest': 10662}, 'MPQA': {'devacc': 85.49, 'acc': 85.97, 'ndev': 10606, 'ntest': 10606}, 'SUBJ': {'devacc': 91.29, 'acc': 91.75, 'ndev': 10000, 'ntest': 10000}, 'SST2': {'devacc': 79.01, 'acc': 76.5, 'ndev': 872, 'ntest': 1821}, 'SST5': {'devacc': 41.78, 'acc': 39.37, 'ndev': 1101, 'ntest': 2210}}
./finetuned-scrumbled-wikitext2-3e-4/checkpoint-960	{'Length': {'devacc': 55.44, 'acc': 54.48, 'ndev': 10000, 'ntest': 10000}, 'Tense': {'devacc': 86.72, 'acc': 84.42, 'ndev': 10000, 'ntest': 10000}, 'Depth': {'devacc': 28.17, 'acc': 27.52, 'ndev': 10000, 'ntest': 10000}, 'CR': {'devacc': 78.4, 'acc': 79.71, 'ndev': 3775, 'ntest': 3775}, 'MR': {'devacc': 72.37, 'acc': 72.77, 'ndev': 10662, 'ntest': 10662}, 'MPQA': {'devacc': 84.84, 'acc': 85.24, 'ndev': 10606, 'ntest': 10606}, 'SUBJ': {'devacc': 91.84, 'acc': 91.83, 'ndev': 10000, 'ntest': 10000}, 'SST2': {'devacc': 76.95, 'acc': 77.32, 'ndev': 872, 'ntest': 1821}, 'SST5': {'devacc': 41.33, 'acc': 40.27, 'ndev': 1101, 'ntest': 2210}}
./finetuned-scrumbled-wikitext2-3e-4/checkpoint-1040	{'Length': {'devacc': 58.8, 'acc': 59.14, 'ndev': 10000, 'ntest': 10000}, 'Tense': {'devacc': 86.35, 'acc': 84.35, 'ndev': 10000, 'ntest': 10000}, 'Depth': {'devacc': 28.84, 'acc': 28.8, 'ndev': 10000, 'ntest': 10000}, 'CR': {'devacc': 78.91, 'acc': 79.02, 'ndev': 3775, 'ntest': 3775}, 'MR': {'devacc': 72.62, 'acc': 72.95, 'ndev': 10662, 'ntest': 10662}, 'MPQA': {'devacc': 85.27, 'acc': 85.83, 'ndev': 10606, 'ntest': 10606}, 'SUBJ': {'devacc': 91.42, 'acc': 91.74, 'ndev': 10000, 'ntest': 10000}, 'SST2': {'devacc': 76.38, 'acc': 76.61, 'ndev': 872, 'ntest': 1821}, 'SST5': {'devacc': 41.14, 'acc': 39.32, 'ndev': 1101, 'ntest': 2210}}
./finetuned-scrumbled-wikitext2-3e-4/checkpoint-1120	{'Length': {'devacc': 57.18, 'acc': 56.51, 'ndev': 10000, 'ntest': 10000}, 'Tense': {'devacc': 85.36, 'acc': 83.21, 'ndev': 10000, 'ntest': 10000}, 'Depth': {'devacc': 28.85, 'acc': 28.34, 'ndev': 10000, 'ntest': 10000}, 'CR': {'devacc': 77.67, 'acc': 78.2, 'ndev': 3775, 'ntest': 3775}, 'MR': {'devacc': 72.4, 'acc': 72.41, 'ndev': 10662, 'ntest': 10662}, 'MPQA': {'devacc': 85.41, 'acc': 85.68, 'ndev': 10606, 'ntest': 10606}, 'SUBJ': {'devacc': 91.67, 'acc': 92.0, 'ndev': 10000, 'ntest': 10000}, 'SST2': {'devacc': 76.72, 'acc': 76.5, 'ndev': 872, 'ntest': 1821}, 'SST5': {'devacc': 38.87, 'acc': 38.1, 'ndev': 1101, 'ntest': 2210}}
./finetuned-scrumbled-wikitext2-3e-4/checkpoint-1200	{'Length': {'devacc': 52.2, 'acc': 50.3, 'ndev': 10000, 'ntest': 10000}, 'Tense': {'devacc': 85.15, 'acc': 83.19, 'ndev': 10000, 'ntest': 10000}, 'Depth': {'devacc': 30.12, 'acc': 29.87, 'ndev': 10000, 'ntest': 10000}, 'CR': {'devacc': 76.96, 'acc': 78.25, 'ndev': 3775, 'ntest': 3775}, 'MR': {'devacc': 72.34, 'acc': 72.44, 'ndev': 10662, 'ntest': 10662}, 'MPQA': {'devacc': 83.21, 'acc': 83.59, 'ndev': 10606, 'ntest': 10606}, 'SUBJ': {'devacc': 91.12, 'acc': 91.6, 'ndev': 10000, 'ntest': 10000}, 'SST2': {'devacc': 77.06, 'acc': 78.14, 'ndev': 872, 'ntest': 1821}, 'SST5': {'devacc': 38.69, 'acc': 39.73, 'ndev': 1101, 'ntest': 2210}}
./finetuned-scrumbled-wikitext2-3e-4/checkpoint-1280	{'Length': {'devacc': 58.56, 'acc': 59.02, 'ndev': 10000, 'ntest': 10000}, 'Tense': {'devacc': 83.49, 'acc': 80.85, 'ndev': 10000, 'ntest': 10000}, 'Depth': {'devacc': 28.98, 'acc': 28.6, 'ndev': 10000, 'ntest': 10000}, 'CR': {'devacc': 78.16, 'acc': 78.7, 'ndev': 3775, 'ntest': 3775}, 'MR': {'devacc': 72.01, 'acc': 72.18, 'ndev': 10662, 'ntest': 10662}, 'MPQA': {'devacc': 83.9, 'acc': 84.49, 'ndev': 10606, 'ntest': 10606}, 'SUBJ': {'devacc': 91.7, 'acc': 91.85, 'ndev': 10000, 'ntest': 10000}, 'SST2': {'devacc': 76.95, 'acc': 75.95, 'ndev': 872, 'ntest': 1821}, 'SST5': {'devacc': 39.87, 'acc': 38.28, 'ndev': 1101, 'ntest': 2210}}
./finetuned-scrumbled-wikitext2-3e-4/checkpoint-1360	{'Length': {'devacc': 59.26, 'acc': 57.83, 'ndev': 10000, 'ntest': 10000}, 'Tense': {'devacc': 85.3, 'acc': 83.32, 'ndev': 10000, 'ntest': 10000}, 'Depth': {'devacc': 29.37, 'acc': 28.91, 'ndev': 10000, 'ntest': 10000}, 'CR': {'devacc': 77.51, 'acc': 77.83, 'ndev': 3775, 'ntest': 3775}, 'MR': {'devacc': 72.4, 'acc': 72.69, 'ndev': 10662, 'ntest': 10662}, 'MPQA': {'devacc': 85.37, 'acc': 85.66, 'ndev': 10606, 'ntest': 10606}, 'SUBJ': {'devacc': 91.47, 'acc': 91.54, 'ndev': 10000, 'ntest': 10000}, 'SST2': {'devacc': 77.98, 'acc': 77.32, 'ndev': 872, 'ntest': 1821}, 'SST5': {'devacc': 39.51, 'acc': 40.0, 'ndev': 1101, 'ntest': 2210}}
./finetuned-scrumbled-wikitext2-3e-4/checkpoint-1440	{'Length': {'devacc': 54.05, 'acc': 53.29, 'ndev': 10000, 'ntest': 10000}, 'Tense': {'devacc': 83.18, 'acc': 80.77, 'ndev': 10000, 'ntest': 10000}, 'Depth': {'devacc': 28.68, 'acc': 27.75, 'ndev': 10000, 'ntest': 10000}, 'CR': {'devacc': 77.3, 'acc': 77.8, 'ndev': 3775, 'ntest': 3775}, 'MR': {'devacc': 72.03, 'acc': 72.25, 'ndev': 10662, 'ntest': 10662}, 'MPQA': {'devacc': 84.97, 'acc': 85.28, 'ndev': 10606, 'ntest': 10606}, 'SUBJ': {'devacc': 90.99, 'acc': 91.45, 'ndev': 10000, 'ntest': 10000}, 'SST2': {'devacc': 77.41, 'acc': 77.48, 'ndev': 872, 'ntest': 1821}, 'SST5': {'devacc': 40.78, 'acc': 40.05, 'ndev': 1101, 'ntest': 2210}}
./finetuned-scrumbled-wikitext2-3e-4/checkpoint-1520	{'Length': {'devacc': 54.98, 'acc': 52.21, 'ndev': 10000, 'ntest': 10000}, 'Tense': {'devacc': 84.39, 'acc': 82.13, 'ndev': 10000, 'ntest': 10000}, 'Depth': {'devacc': 28.35, 'acc': 28.48, 'ndev': 10000, 'ntest': 10000}, 'CR': {'devacc': 77.34, 'acc': 78.73, 'ndev': 3775, 'ntest': 3775}, 'MR': {'devacc': 71.88, 'acc': 71.95, 'ndev': 10662, 'ntest': 10662}, 'MPQA': {'devacc': 84.91, 'acc': 85.53, 'ndev': 10606, 'ntest': 10606}, 'SUBJ': {'devacc': 90.98, 'acc': 91.51, 'ndev': 10000, 'ntest': 10000}, 'SST2': {'devacc': 76.95, 'acc': 76.94, 'ndev': 872, 'ntest': 1821}, 'SST5': {'devacc': 39.06, 'acc': 38.91, 'ndev': 1101, 'ntest': 2210}}
./finetuned-scrumbled-wikitext2-3e-4/checkpoint-1600	{'Length': {'devacc': 58.8, 'acc': 60.93, 'ndev': 10000, 'ntest': 10000}, 'Tense': {'devacc': 84.39, 'acc': 82.65, 'ndev': 10000, 'ntest': 10000}, 'Depth': {'devacc': 27.98, 'acc': 28.18, 'ndev': 10000, 'ntest': 10000}, 'CR': {'devacc': 77.88, 'acc': 78.33, 'ndev': 3775, 'ntest': 3775}, 'MR': {'devacc': 71.9, 'acc': 73.15, 'ndev': 10662, 'ntest': 10662}, 'MPQA': {'devacc': 84.99, 'acc': 85.23, 'ndev': 10606, 'ntest': 10606}, 'SUBJ': {'devacc': 90.81, 'acc': 91.14, 'ndev': 10000, 'ntest': 10000}, 'SST2': {'devacc': 76.26, 'acc': 76.55, 'ndev': 872, 'ntest': 1821}, 'SST5': {'devacc': 40.51, 'acc': 39.1, 'ndev': 1101, 'ntest': 2210}}
./finetuned-scrumbled-wikitext2-3e-4/checkpoint-1680	{'Length': {'devacc': 58.68, 'acc': 55.32, 'ndev': 10000, 'ntest': 10000}, 'Tense': {'devacc': 83.39, 'acc': 82.16, 'ndev': 10000, 'ntest': 10000}, 'Depth': {'devacc': 28.33, 'acc': 28.41, 'ndev': 10000, 'ntest': 10000}, 'CR': {'devacc': 77.15, 'acc': 78.01, 'ndev': 3775, 'ntest': 3775}, 'MR': {'devacc': 71.3, 'acc': 71.6, 'ndev': 10662, 'ntest': 10662}, 'MPQA': {'devacc': 84.54, 'acc': 85.24, 'ndev': 10606, 'ntest': 10606}, 'SUBJ': {'devacc': 90.19, 'acc': 90.63, 'ndev': 10000, 'ntest': 10000}, 'SST2': {'devacc': 78.1, 'acc': 77.65, 'ndev': 872, 'ntest': 1821}, 'SST5': {'devacc': 41.24, 'acc': 39.19, 'ndev': 1101, 'ntest': 2210}}
./finetuned-scrumbled-wikitext2-3e-4/checkpoint-1760	{'Length': {'devacc': 55.67, 'acc': 53.05, 'ndev': 10000, 'ntest': 10000}, 'Tense': {'devacc': 82.96, 'acc': 81.18, 'ndev': 10000, 'ntest': 10000}, 'Depth': {'devacc': 28.36, 'acc': 28.24, 'ndev': 10000, 'ntest': 10000}, 'CR': {'devacc': 76.93, 'acc': 77.22, 'ndev': 3775, 'ntest': 3775}, 'MR': {'devacc': 70.61, 'acc': 71.0, 'ndev': 10662, 'ntest': 10662}, 'MPQA': {'devacc': 83.88, 'acc': 84.56, 'ndev': 10606, 'ntest': 10606}, 'SUBJ': {'devacc': 90.22, 'acc': 90.71, 'ndev': 10000, 'ntest': 10000}, 'SST2': {'devacc': 76.15, 'acc': 75.23, 'ndev': 872, 'ntest': 1821}, 'SST5': {'devacc': 39.24, 'acc': 38.14, 'ndev': 1101, 'ntest': 2210}}
./finetuned-scrumbled-wikitext2-3e-4/checkpoint-1840	{'Length': {'devacc': 50.93, 'acc': 49.82, 'ndev': 10000, 'ntest': 10000}, 'Tense': {'devacc': 82.2, 'acc': 79.5, 'ndev': 10000, 'ntest': 10000}, 'Depth': {'devacc': 28.59, 'acc': 28.08, 'ndev': 10000, 'ntest': 10000}, 'CR': {'devacc': 76.77, 'acc': 77.8, 'ndev': 3775, 'ntest': 3775}, 'MR': {'devacc': 70.98, 'acc': 71.38, 'ndev': 10662, 'ntest': 10662}, 'MPQA': {'devacc': 84.39, 'acc': 84.9, 'ndev': 10606, 'ntest': 10606}, 'SUBJ': {'devacc': 90.39, 'acc': 90.46, 'ndev': 10000, 'ntest': 10000}, 'SST2': {'devacc': 75.46, 'acc': 74.63, 'ndev': 872, 'ntest': 1821}, 'SST5': {'devacc': 39.24, 'acc': 39.14, 'ndev': 1101, 'ntest': 2210}}
./finetuned-scrumbled-wikitext2-3e-4/checkpoint-1920	{'Length': {'devacc': 57.06, 'acc': 54.72, 'ndev': 10000, 'ntest': 10000}, 'Tense': {'devacc': 83.2, 'acc': 81.07, 'ndev': 10000, 'ntest': 10000}, 'Depth': {'devacc': 28.17, 'acc': 28.21, 'ndev': 10000, 'ntest': 10000}, 'CR': {'devacc': 75.58, 'acc': 76.56, 'ndev': 3775, 'ntest': 3775}, 'MR': {'devacc': 69.95, 'acc': 70.31, 'ndev': 10662, 'ntest': 10662}, 'MPQA': {'devacc': 84.19, 'acc': 84.6, 'ndev': 10606, 'ntest': 10606}, 'SUBJ': {'devacc': 90.28, 'acc': 90.43, 'ndev': 10000, 'ntest': 10000}, 'SST2': {'devacc': 75.11, 'acc': 73.7, 'ndev': 872, 'ntest': 1821}, 'SST5': {'devacc': 37.24, 'acc': 34.66, 'ndev': 1101, 'ntest': 2210}}
./finetuned-scrumbled-wikitext2-3e-4/checkpoint-2000	{'Length': {'devacc': 51.97, 'acc': 49.58, 'ndev': 10000, 'ntest': 10000}, 'Tense': {'devacc': 82.92, 'acc': 81.3, 'ndev': 10000, 'ntest': 10000}, 'Depth': {'devacc': 29.12, 'acc': 28.19, 'ndev': 10000, 'ntest': 10000}, 'CR': {'devacc': 75.69, 'acc': 77.09, 'ndev': 3775, 'ntest': 3775}, 'MR': {'devacc': 70.66, 'acc': 70.72, 'ndev': 10662, 'ntest': 10662}, 'MPQA': {'devacc': 85.07, 'acc': 85.31, 'ndev': 10606, 'ntest': 10606}, 'SUBJ': {'devacc': 90.09, 'acc': 90.71, 'ndev': 10000, 'ntest': 10000}, 'SST2': {'devacc': 74.43, 'acc': 74.46, 'ndev': 872, 'ntest': 1821}, 'SST5': {'devacc': 37.97, 'acc': 38.73, 'ndev': 1101, 'ntest': 2210}}
./finetuned-scrumbled-wikitext2-3e-4/checkpoint-2080	{'Length': {'devacc': 56.48, 'acc': 57.35, 'ndev': 10000, 'ntest': 10000}, 'Tense': {'devacc': 83.7, 'acc': 81.39, 'ndev': 10000, 'ntest': 10000}, 'Depth': {'devacc': 29.1, 'acc': 28.48, 'ndev': 10000, 'ntest': 10000}, 'CR': {'devacc': 76.19, 'acc': 77.78, 'ndev': 3775, 'ntest': 3775}, 'MR': {'devacc': 71.05, 'acc': 71.33, 'ndev': 10662, 'ntest': 10662}, 'MPQA': {'devacc': 84.56, 'acc': 85.03, 'ndev': 10606, 'ntest': 10606}, 'SUBJ': {'devacc': 90.82, 'acc': 91.38, 'ndev': 10000, 'ntest': 10000}, 'SST2': {'devacc': 75.0, 'acc': 75.23, 'ndev': 872, 'ntest': 1821}, 'SST5': {'devacc': 40.24, 'acc': 39.19, 'ndev': 1101, 'ntest': 2210}}
./finetuned-scrumbled-wikitext2-3e-4/checkpoint-2160	{'Length': {'devacc': 62.04, 'acc': 62.6, 'ndev': 10000, 'ntest': 10000}, 'Tense': {'devacc': 84.15, 'acc': 82.28, 'ndev': 10000, 'ntest': 10000}, 'Depth': {'devacc': 28.69, 'acc': 28.33, 'ndev': 10000, 'ntest': 10000}, 'CR': {'devacc': 75.64, 'acc': 76.19, 'ndev': 3775, 'ntest': 3775}, 'MR': {'devacc': 71.21, 'acc': 71.03, 'ndev': 10662, 'ntest': 10662}, 'MPQA': {'devacc': 85.08, 'acc': 85.41, 'ndev': 10606, 'ntest': 10606}, 'SUBJ': {'devacc': 91.11, 'acc': 91.34, 'ndev': 10000, 'ntest': 10000}, 'SST2': {'devacc': 75.57, 'acc': 74.14, 'ndev': 872, 'ntest': 1821}, 'SST5': {'devacc': 37.78, 'acc': 39.46, 'ndev': 1101, 'ntest': 2210}}
./finetuned-scrumbled-wikitext2-3e-4/checkpoint-2240	{'Length': {'devacc': 56.83, 'acc': 57.11, 'ndev': 10000, 'ntest': 10000}, 'Tense': {'devacc': 84.1, 'acc': 82.29, 'ndev': 10000, 'ntest': 10000}, 'Depth': {'devacc': 28.9, 'acc': 28.81, 'ndev': 10000, 'ntest': 10000}, 'CR': {'devacc': 76.61, 'acc': 77.75, 'ndev': 3775, 'ntest': 3775}, 'MR': {'devacc': 71.08, 'acc': 71.3, 'ndev': 10662, 'ntest': 10662}, 'MPQA': {'devacc': 84.47, 'acc': 85.3, 'ndev': 10606, 'ntest': 10606}, 'SUBJ': {'devacc': 90.72, 'acc': 90.94, 'ndev': 10000, 'ntest': 10000}, 'SST2': {'devacc': 76.61, 'acc': 74.63, 'ndev': 872, 'ntest': 1821}, 'SST5': {'devacc': 38.87, 'acc': 39.14, 'ndev': 1101, 'ntest': 2210}}
./finetuned-scrumbled-wikitext2-3e-4/checkpoint-2320	{'Length': {'devacc': 51.27, 'acc': 47.91, 'ndev': 10000, 'ntest': 10000}, 'Tense': {'devacc': 82.33, 'acc': 79.58, 'ndev': 10000, 'ntest': 10000}, 'Depth': {'devacc': 28.2, 'acc': 28.08, 'ndev': 10000, 'ntest': 10000}, 'CR': {'devacc': 74.57, 'acc': 76.19, 'ndev': 3775, 'ntest': 3775}, 'MR': {'devacc': 69.6, 'acc': 69.54, 'ndev': 10662, 'ntest': 10662}, 'MPQA': {'devacc': 83.82, 'acc': 84.93, 'ndev': 10606, 'ntest': 10606}, 'SUBJ': {'devacc': 89.53, 'acc': 89.86, 'ndev': 10000, 'ntest': 10000}, 'SST2': {'devacc': 75.34, 'acc': 73.81, 'ndev': 872, 'ntest': 1821}, 'SST5': {'devacc': 36.15, 'acc': 37.92, 'ndev': 1101, 'ntest': 2210}}
./finetuned-scrumbled-wikitext2-3e-4/checkpoint-2400	{'Length': {'devacc': 61.92, 'acc': 57.59, 'ndev': 10000, 'ntest': 10000}, 'Tense': {'devacc': 84.37, 'acc': 82.53, 'ndev': 10000, 'ntest': 10000}, 'Depth': {'devacc': 28.02, 'acc': 28.01, 'ndev': 10000, 'ntest': 10000}, 'CR': {'devacc': 75.18, 'acc': 76.21, 'ndev': 3775, 'ntest': 3775}, 'MR': {'devacc': 71.01, 'acc': 71.29, 'ndev': 10662, 'ntest': 10662}, 'MPQA': {'devacc': 85.05, 'acc': 85.26, 'ndev': 10606, 'ntest': 10606}, 'SUBJ': {'devacc': 90.57, 'acc': 90.84, 'ndev': 10000, 'ntest': 10000}, 'SST2': {'devacc': 75.11, 'acc': 75.29, 'ndev': 872, 'ntest': 1821}, 'SST5': {'devacc': 38.51, 'acc': 37.92, 'ndev': 1101, 'ntest': 2210}}
./finetuned-scrumbled-wikitext2-3e-4/checkpoint-2480	{'Length': {'devacc': 53.47, 'acc': 52.57, 'ndev': 10000, 'ntest': 10000}, 'Tense': {'devacc': 82.29, 'acc': 80.11, 'ndev': 10000, 'ntest': 10000}, 'Depth': {'devacc': 28.92, 'acc': 28.55, 'ndev': 10000, 'ntest': 10000}, 'CR': {'devacc': 75.1, 'acc': 75.82, 'ndev': 3775, 'ntest': 3775}, 'MR': {'devacc': 69.65, 'acc': 69.84, 'ndev': 10662, 'ntest': 10662}, 'MPQA': {'devacc': 83.65, 'acc': 84.23, 'ndev': 10606, 'ntest': 10606}, 'SUBJ': {'devacc': 90.21, 'acc': 90.76, 'ndev': 10000, 'ntest': 10000}, 'SST2': {'devacc': 76.26, 'acc': 73.31, 'ndev': 872, 'ntest': 1821}, 'SST5': {'devacc': 37.87, 'acc': 37.92, 'ndev': 1101, 'ntest': 2210}}
./finetuned-scrumbled-wikitext2-3e-4/checkpoint-2560	{'Length': {'devacc': 55.44, 'acc': 54.6, 'ndev': 10000, 'ntest': 10000}, 'Tense': {'devacc': 83.15, 'acc': 81.25, 'ndev': 10000, 'ntest': 10000}, 'Depth': {'devacc': 28.37, 'acc': 28.36, 'ndev': 10000, 'ntest': 10000}, 'CR': {'devacc': 74.73, 'acc': 76.14, 'ndev': 3775, 'ntest': 3775}, 'MR': {'devacc': 70.96, 'acc': 70.96, 'ndev': 10662, 'ntest': 10662}, 'MPQA': {'devacc': 84.84, 'acc': 85.19, 'ndev': 10606, 'ntest': 10606}, 'SUBJ': {'devacc': 90.8, 'acc': 91.1, 'ndev': 10000, 'ntest': 10000}, 'SST2': {'devacc': 76.83, 'acc': 74.85, 'ndev': 872, 'ntest': 1821}, 'SST5': {'devacc': 38.15, 'acc': 38.1, 'ndev': 1101, 'ntest': 2210}}
./finetuned-scrumbled-wikitext2-3e-4/checkpoint-2640	{'Length': {'devacc': 58.33, 'acc': 57.11, 'ndev': 10000, 'ntest': 10000}, 'Tense': {'devacc': 82.7, 'acc': 80.22, 'ndev': 10000, 'ntest': 10000}, 'Depth': {'devacc': 28.36, 'acc': 27.71, 'ndev': 10000, 'ntest': 10000}, 'CR': {'devacc': 75.02, 'acc': 76.4, 'ndev': 3775, 'ntest': 3775}, 'MR': {'devacc': 70.88, 'acc': 70.82, 'ndev': 10662, 'ntest': 10662}, 'MPQA': {'devacc': 84.72, 'acc': 85.49, 'ndev': 10606, 'ntest': 10606}, 'SUBJ': {'devacc': 90.59, 'acc': 91.05, 'ndev': 10000, 'ntest': 10000}, 'SST2': {'devacc': 75.46, 'acc': 75.51, 'ndev': 872, 'ntest': 1821}, 'SST5': {'devacc': 39.78, 'acc': 38.78, 'ndev': 1101, 'ntest': 2210}}
./finetuned-scrumbled-wikitext2-3e-4/checkpoint-2720	{'Length': {'devacc': 57.99, 'acc': 55.79, 'ndev': 10000, 'ntest': 10000}, 'Tense': {'devacc': 82.94, 'acc': 80.48, 'ndev': 10000, 'ntest': 10000}, 'Depth': {'devacc': 28.3, 'acc': 26.99, 'ndev': 10000, 'ntest': 10000}, 'CR': {'devacc': 72.72, 'acc': 74.62, 'ndev': 3775, 'ntest': 3775}, 'MR': {'devacc': 70.25, 'acc': 70.2, 'ndev': 10662, 'ntest': 10662}, 'MPQA': {'devacc': 84.15, 'acc': 84.89, 'ndev': 10606, 'ntest': 10606}, 'SUBJ': {'devacc': 90.12, 'acc': 90.53, 'ndev': 10000, 'ntest': 10000}, 'SST2': {'devacc': 75.23, 'acc': 74.74, 'ndev': 872, 'ntest': 1821}, 'SST5': {'devacc': 38.69, 'acc': 37.87, 'ndev': 1101, 'ntest': 2210}}
./finetuned-scrumbled-wikitext2-3e-4/checkpoint-2800	{'Length': {'devacc': 53.12, 'acc': 50.06, 'ndev': 10000, 'ntest': 10000}, 'Tense': {'devacc': 81.91, 'acc': 79.72, 'ndev': 10000, 'ntest': 10000}, 'Depth': {'devacc': 28.8, 'acc': 28.16, 'ndev': 10000, 'ntest': 10000}, 'CR': {'devacc': 74.15, 'acc': 75.73, 'ndev': 3775, 'ntest': 3775}, 'MR': {'devacc': 70.96, 'acc': 71.04, 'ndev': 10662, 'ntest': 10662}, 'MPQA': {'devacc': 84.82, 'acc': 85.59, 'ndev': 10606, 'ntest': 10606}, 'SUBJ': {'devacc': 89.78, 'acc': 90.31, 'ndev': 10000, 'ntest': 10000}, 'SST2': {'devacc': 77.06, 'acc': 74.14, 'ndev': 872, 'ntest': 1821}, 'SST5': {'devacc': 39.96, 'acc': 40.59, 'ndev': 1101, 'ntest': 2210}}
./finetuned-scrumbled-wikitext2-3e-4/checkpoint-2880	{'Length': {'devacc': 52.08, 'acc': 49.46, 'ndev': 10000, 'ntest': 10000}, 'Tense': {'devacc': 83.59, 'acc': 81.8, 'ndev': 10000, 'ntest': 10000}, 'Depth': {'devacc': 28.32, 'acc': 27.81, 'ndev': 10000, 'ntest': 10000}, 'CR': {'devacc': 74.15, 'acc': 75.82, 'ndev': 3775, 'ntest': 3775}, 'MR': {'devacc': 70.51, 'acc': 70.95, 'ndev': 10662, 'ntest': 10662}, 'MPQA': {'devacc': 84.43, 'acc': 84.67, 'ndev': 10606, 'ntest': 10606}, 'SUBJ': {'devacc': 90.05, 'acc': 90.39, 'ndev': 10000, 'ntest': 10000}, 'SST2': {'devacc': 77.75, 'acc': 74.24, 'ndev': 872, 'ntest': 1821}, 'SST5': {'devacc': 38.78, 'acc': 39.05, 'ndev': 1101, 'ntest': 2210}}
./finetuned-scrumbled-wikitext2-3e-4/checkpoint-2960	{'Length': {'devacc': 66.44, 'acc': 63.8, 'ndev': 10000, 'ntest': 10000}, 'Tense': {'devacc': 82.48, 'acc': 80.4, 'ndev': 10000, 'ntest': 10000}, 'Depth': {'devacc': 27.48, 'acc': 27.83, 'ndev': 10000, 'ntest': 10000}, 'CR': {'devacc': 74.21, 'acc': 74.68, 'ndev': 3775, 'ntest': 3775}, 'MR': {'devacc': 70.42, 'acc': 70.86, 'ndev': 10662, 'ntest': 10662}, 'MPQA': {'devacc': 84.97, 'acc': 85.69, 'ndev': 10606, 'ntest': 10606}, 'SUBJ': {'devacc': 89.96, 'acc': 90.48, 'ndev': 10000, 'ntest': 10000}, 'SST2': {'devacc': 74.89, 'acc': 76.44, 'ndev': 872, 'ntest': 1821}, 'SST5': {'devacc': 37.97, 'acc': 38.33, 'ndev': 1101, 'ntest': 2210}}
./finetuned-scrumbled-wikitext2-3e-4/checkpoint-3040	{'Length': {'devacc': 70.72, 'acc': 66.67, 'ndev': 10000, 'ntest': 10000}, 'Tense': {'devacc': 82.56, 'acc': 81.23, 'ndev': 10000, 'ntest': 10000}, 'Depth': {'devacc': 28.05, 'acc': 27.53, 'ndev': 10000, 'ntest': 10000}, 'CR': {'devacc': 74.32, 'acc': 75.2, 'ndev': 3775, 'ntest': 3775}, 'MR': {'devacc': 70.07, 'acc': 70.36, 'ndev': 10662, 'ntest': 10662}, 'MPQA': {'devacc': 84.88, 'acc': 85.38, 'ndev': 10606, 'ntest': 10606}, 'SUBJ': {'devacc': 90.06, 'acc': 90.42, 'ndev': 10000, 'ntest': 10000}, 'SST2': {'devacc': 76.72, 'acc': 75.12, 'ndev': 872, 'ntest': 1821}, 'SST5': {'devacc': 37.24, 'acc': 39.05, 'ndev': 1101, 'ntest': 2210}}
./finetuned-scrumbled-wikitext2-3e-4/checkpoint-3120	{'Length': {'devacc': 77.89, 'acc': 77.66, 'ndev': 10000, 'ntest': 10000}, 'Tense': {'devacc': 83.27, 'acc': 81.16, 'ndev': 10000, 'ntest': 10000}, 'Depth': {'devacc': 27.98, 'acc': 27.74, 'ndev': 10000, 'ntest': 10000}, 'CR': {'devacc': 74.37, 'acc': 74.89, 'ndev': 3775, 'ntest': 3775}, 'MR': {'devacc': 70.43, 'acc': 70.7, 'ndev': 10662, 'ntest': 10662}, 'MPQA': {'devacc': 84.83, 'acc': 85.55, 'ndev': 10606, 'ntest': 10606}, 'SUBJ': {'devacc': 90.37, 'acc': 91.0, 'ndev': 10000, 'ntest': 10000}, 'SST2': {'devacc': 76.26, 'acc': 75.29, 'ndev': 872, 'ntest': 1821}, 'SST5': {'devacc': 37.6, 'acc': 39.59, 'ndev': 1101, 'ntest': 2210}}
./finetuned-scrumbled-wikitext2-3e-4/checkpoint-3200	{'Length': {'devacc': 53.59, 'acc': 49.1, 'ndev': 10000, 'ntest': 10000}, 'Tense': {'devacc': 81.62, 'acc': 79.25, 'ndev': 10000, 'ntest': 10000}, 'Depth': {'devacc': 28.39, 'acc': 28.93, 'ndev': 10000, 'ntest': 10000}, 'CR': {'devacc': 74.33, 'acc': 76.0, 'ndev': 3775, 'ntest': 3775}, 'MR': {'devacc': 70.57, 'acc': 70.64, 'ndev': 10662, 'ntest': 10662}, 'MPQA': {'devacc': 84.28, 'acc': 85.01, 'ndev': 10606, 'ntest': 10606}, 'SUBJ': {'devacc': 90.07, 'acc': 90.66, 'ndev': 10000, 'ntest': 10000}, 'SST2': {'devacc': 77.52, 'acc': 75.07, 'ndev': 872, 'ntest': 1821}, 'SST5': {'devacc': 39.33, 'acc': 38.6, 'ndev': 1101, 'ntest': 2210}}
./finetuned-scrumbled-wikitext2-3e-4/checkpoint-3280	{'Length': {'devacc': 57.18, 'acc': 54.48, 'ndev': 10000, 'ntest': 10000}, 'Tense': {'devacc': 81.0, 'acc': 78.31, 'ndev': 10000, 'ntest': 10000}, 'Depth': {'devacc': 27.25, 'acc': 27.13, 'ndev': 10000, 'ntest': 10000}, 'CR': {'devacc': 73.63, 'acc': 74.46, 'ndev': 3775, 'ntest': 3775}, 'MR': {'devacc': 69.44, 'acc': 70.0, 'ndev': 10662, 'ntest': 10662}, 'MPQA': {'devacc': 84.52, 'acc': 85.12, 'ndev': 10606, 'ntest': 10606}, 'SUBJ': {'devacc': 90.17, 'acc': 90.7, 'ndev': 10000, 'ntest': 10000}, 'SST2': {'devacc': 75.69, 'acc': 73.92, 'ndev': 872, 'ntest': 1821}, 'SST5': {'devacc': 36.97, 'acc': 36.92, 'ndev': 1101, 'ntest': 2210}}
./finetuned-scrumbled-wikitext2-3e-4/checkpoint-3360	{'Length': {'devacc': 51.39, 'acc': 51.25, 'ndev': 10000, 'ntest': 10000}, 'Tense': {'devacc': 81.77, 'acc': 78.94, 'ndev': 10000, 'ntest': 10000}, 'Depth': {'devacc': 28.61, 'acc': 28.04, 'ndev': 10000, 'ntest': 10000}, 'CR': {'devacc': 75.18, 'acc': 76.37, 'ndev': 3775, 'ntest': 3775}, 'MR': {'devacc': 70.84, 'acc': 70.96, 'ndev': 10662, 'ntest': 10662}, 'MPQA': {'devacc': 82.31, 'acc': 82.63, 'ndev': 10606, 'ntest': 10606}, 'SUBJ': {'devacc': 90.1, 'acc': 90.84, 'ndev': 10000, 'ntest': 10000}, 'SST2': {'devacc': 76.49, 'acc': 74.46, 'ndev': 872, 'ntest': 1821}, 'SST5': {'devacc': 39.42, 'acc': 37.92, 'ndev': 1101, 'ntest': 2210}}
./finetuned-scrumbled-wikitext2-3e-4/checkpoint-3440	{'Length': {'devacc': 56.48, 'acc': 54.24, 'ndev': 10000, 'ntest': 10000}, 'Tense': {'devacc': 82.57, 'acc': 79.75, 'ndev': 10000, 'ntest': 10000}, 'Depth': {'devacc': 28.84, 'acc': 28.69, 'ndev': 10000, 'ntest': 10000}, 'CR': {'devacc': 75.03, 'acc': 76.4, 'ndev': 3775, 'ntest': 3775}, 'MR': {'devacc': 70.91, 'acc': 70.88, 'ndev': 10662, 'ntest': 10662}, 'MPQA': {'devacc': 83.09, 'acc': 83.82, 'ndev': 10606, 'ntest': 10606}, 'SUBJ': {'devacc': 89.84, 'acc': 90.35, 'ndev': 10000, 'ntest': 10000}, 'SST2': {'devacc': 77.06, 'acc': 74.85, 'ndev': 872, 'ntest': 1821}, 'SST5': {'devacc': 37.15, 'acc': 39.14, 'ndev': 1101, 'ntest': 2210}}
./finetuned-scrumbled-wikitext2-3e-4/checkpoint-3520	{'Length': {'devacc': 57.99, 'acc': 60.45, 'ndev': 10000, 'ntest': 10000}, 'Tense': {'devacc': 81.58, 'acc': 79.31, 'ndev': 10000, 'ntest': 10000}, 'Depth': {'devacc': 27.77, 'acc': 27.89, 'ndev': 10000, 'ntest': 10000}, 'CR': {'devacc': 73.88, 'acc': 74.89, 'ndev': 3775, 'ntest': 3775}, 'MR': {'devacc': 69.9, 'acc': 70.0, 'ndev': 10662, 'ntest': 10662}, 'MPQA': {'devacc': 84.61, 'acc': 85.18, 'ndev': 10606, 'ntest': 10606}, 'SUBJ': {'devacc': 90.35, 'acc': 90.66, 'ndev': 10000, 'ntest': 10000}, 'SST2': {'devacc': 75.0, 'acc': 75.18, 'ndev': 872, 'ntest': 1821}, 'SST5': {'devacc': 35.15, 'acc': 37.42, 'ndev': 1101, 'ntest': 2210}}
./finetuned-scrumbled-wikitext2-3e-4/checkpoint-3600	{'Length': {'devacc': 55.09, 'acc': 54.6, 'ndev': 10000, 'ntest': 10000}, 'Tense': {'devacc': 80.28, 'acc': 78.2, 'ndev': 10000, 'ntest': 10000}, 'Depth': {'devacc': 28.52, 'acc': 27.28, 'ndev': 10000, 'ntest': 10000}, 'CR': {'devacc': 74.61, 'acc': 75.76, 'ndev': 3775, 'ntest': 3775}, 'MR': {'devacc': 70.28, 'acc': 70.67, 'ndev': 10662, 'ntest': 10662}, 'MPQA': {'devacc': 82.47, 'acc': 82.81, 'ndev': 10606, 'ntest': 10606}, 'SUBJ': {'devacc': 90.25, 'acc': 90.67, 'ndev': 10000, 'ntest': 10000}, 'SST2': {'devacc': 75.23, 'acc': 74.35, 'ndev': 872, 'ntest': 1821}, 'SST5': {'devacc': 37.87, 'acc': 37.74, 'ndev': 1101, 'ntest': 2210}}
./finetuned-scrumbled-wikitext2-3e-4/checkpoint-3680	{'Length': {'devacc': 68.98, 'acc': 67.38, 'ndev': 10000, 'ntest': 10000}, 'Tense': {'devacc': 79.55, 'acc': 76.32, 'ndev': 10000, 'ntest': 10000}, 'Depth': {'devacc': 28.1, 'acc': 27.19, 'ndev': 10000, 'ntest': 10000}, 'CR': {'devacc': 72.93, 'acc': 73.27, 'ndev': 3775, 'ntest': 3775}, 'MR': {'devacc': 69.45, 'acc': 69.73, 'ndev': 10662, 'ntest': 10662}, 'MPQA': {'devacc': 83.46, 'acc': 84.1, 'ndev': 10606, 'ntest': 10606}, 'SUBJ': {'devacc': 89.68, 'acc': 90.05, 'ndev': 10000, 'ntest': 10000}, 'SST2': {'devacc': 73.97, 'acc': 73.86, 'ndev': 872, 'ntest': 1821}, 'SST5': {'devacc': 37.97, 'acc': 38.01, 'ndev': 1101, 'ntest': 2210}}
./finetuned-scrumbled-wikitext2-3e-4/checkpoint-3760	{'Length': {'devacc': 59.84, 'acc': 57.23, 'ndev': 10000, 'ntest': 10000}, 'Tense': {'devacc': 79.22, 'acc': 76.1, 'ndev': 10000, 'ntest': 10000}, 'Depth': {'devacc': 28.04, 'acc': 27.56, 'ndev': 10000, 'ntest': 10000}, 'CR': {'devacc': 73.62, 'acc': 74.54, 'ndev': 3775, 'ntest': 3775}, 'MR': {'devacc': 70.32, 'acc': 70.76, 'ndev': 10662, 'ntest': 10662}, 'MPQA': {'devacc': 81.78, 'acc': 82.15, 'ndev': 10606, 'ntest': 10606}, 'SUBJ': {'devacc': 89.95, 'acc': 90.51, 'ndev': 10000, 'ntest': 10000}, 'SST2': {'devacc': 76.61, 'acc': 75.07, 'ndev': 872, 'ntest': 1821}, 'SST5': {'devacc': 39.15, 'acc': 37.38, 'ndev': 1101, 'ntest': 2210}}
./finetuned-scrumbled-wikitext2-3e-4/checkpoint-3840	{'Length': {'devacc': 59.03, 'acc': 56.99, 'ndev': 10000, 'ntest': 10000}, 'Tense': {'devacc': 80.85, 'acc': 78.71, 'ndev': 10000, 'ntest': 10000}, 'Depth': {'devacc': 27.23, 'acc': 27.3, 'ndev': 10000, 'ntest': 10000}, 'CR': {'devacc': 72.74, 'acc': 73.86, 'ndev': 3775, 'ntest': 3775}, 'MR': {'devacc': 69.12, 'acc': 69.21, 'ndev': 10662, 'ntest': 10662}, 'MPQA': {'devacc': 82.74, 'acc': 83.51, 'ndev': 10606, 'ntest': 10606}, 'SUBJ': {'devacc': 90.04, 'acc': 90.63, 'ndev': 10000, 'ntest': 10000}, 'SST2': {'devacc': 75.34, 'acc': 73.86, 'ndev': 872, 'ntest': 1821}, 'SST5': {'devacc': 37.33, 'acc': 36.65, 'ndev': 1101, 'ntest': 2210}}
./finetuned-scrumbled-wikitext2-3e-4/checkpoint-3920	{'Length': {'devacc': 58.56, 'acc': 54.24, 'ndev': 10000, 'ntest': 10000}, 'Tense': {'devacc': 80.11, 'acc': 76.72, 'ndev': 10000, 'ntest': 10000}, 'Depth': {'devacc': 27.46, 'acc': 26.97, 'ndev': 10000, 'ntest': 10000}, 'CR': {'devacc': 73.32, 'acc': 74.49, 'ndev': 3775, 'ntest': 3775}, 'MR': {'devacc': 69.7, 'acc': 70.44, 'ndev': 10662, 'ntest': 10662}, 'MPQA': {'devacc': 83.75, 'acc': 84.27, 'ndev': 10606, 'ntest': 10606}, 'SUBJ': {'devacc': 89.51, 'acc': 89.61, 'ndev': 10000, 'ntest': 10000}, 'SST2': {'devacc': 76.03, 'acc': 74.9, 'ndev': 872, 'ntest': 1821}, 'SST5': {'devacc': 36.78, 'acc': 38.37, 'ndev': 1101, 'ntest': 2210}}
./finetuned-scrumbled-wikitext2-3e-4/checkpoint-4000	{'Length': {'devacc': 57.87, 'acc': 55.79, 'ndev': 10000, 'ntest': 10000}, 'Tense': {'devacc': 81.02, 'acc': 78.03, 'ndev': 10000, 'ntest': 10000}, 'Depth': {'devacc': 28.15, 'acc': 27.45, 'ndev': 10000, 'ntest': 10000}, 'CR': {'devacc': 74.13, 'acc': 74.68, 'ndev': 3775, 'ntest': 3775}, 'MR': {'devacc': 69.89, 'acc': 70.01, 'ndev': 10662, 'ntest': 10662}, 'MPQA': {'devacc': 83.56, 'acc': 84.08, 'ndev': 10606, 'ntest': 10606}, 'SUBJ': {'devacc': 89.81, 'acc': 90.25, 'ndev': 10000, 'ntest': 10000}, 'SST2': {'devacc': 76.61, 'acc': 74.85, 'ndev': 872, 'ntest': 1821}, 'SST5': {'devacc': 38.96, 'acc': 38.51, 'ndev': 1101, 'ntest': 2210}}
./finetuned-scrumbled-wikitext2-3e-4/checkpoint-4080	{'Length': {'devacc': 57.06, 'acc': 55.91, 'ndev': 10000, 'ntest': 10000}, 'Tense': {'devacc': 80.59, 'acc': 77.48, 'ndev': 10000, 'ntest': 10000}, 'Depth': {'devacc': 28.21, 'acc': 27.34, 'ndev': 10000, 'ntest': 10000}, 'CR': {'devacc': 73.64, 'acc': 73.99, 'ndev': 3775, 'ntest': 3775}, 'MR': {'devacc': 69.84, 'acc': 69.95, 'ndev': 10662, 'ntest': 10662}, 'MPQA': {'devacc': 84.02, 'acc': 84.03, 'ndev': 10606, 'ntest': 10606}, 'SUBJ': {'devacc': 90.11, 'acc': 90.59, 'ndev': 10000, 'ntest': 10000}, 'SST2': {'devacc': 73.51, 'acc': 74.85, 'ndev': 872, 'ntest': 1821}, 'SST5': {'devacc': 37.78, 'acc': 37.69, 'ndev': 1101, 'ntest': 2210}}
./finetuned-scrumbled-wikitext2-3e-4/checkpoint-4160	{'Length': {'devacc': 57.18, 'acc': 56.15, 'ndev': 10000, 'ntest': 10000}, 'Tense': {'devacc': 80.86, 'acc': 77.83, 'ndev': 10000, 'ntest': 10000}, 'Depth': {'devacc': 28.06, 'acc': 27.79, 'ndev': 10000, 'ntest': 10000}, 'CR': {'devacc': 76.57, 'acc': 76.87, 'ndev': 3775, 'ntest': 3775}, 'MR': {'devacc': 70.85, 'acc': 70.93, 'ndev': 10662, 'ntest': 10662}, 'MPQA': {'devacc': 84.0, 'acc': 84.44, 'ndev': 10606, 'ntest': 10606}, 'SUBJ': {'devacc': 89.83, 'acc': 90.42, 'ndev': 10000, 'ntest': 10000}, 'SST2': {'devacc': 75.57, 'acc': 76.33, 'ndev': 872, 'ntest': 1821}, 'SST5': {'devacc': 38.15, 'acc': 40.72, 'ndev': 1101, 'ntest': 2210}}
./finetuned-scrumbled-wikitext2-3e-4/checkpoint-4240	{'Length': {'devacc': 54.98, 'acc': 53.52, 'ndev': 10000, 'ntest': 10000}, 'Tense': {'devacc': 81.09, 'acc': 77.5, 'ndev': 10000, 'ntest': 10000}, 'Depth': {'devacc': 28.59, 'acc': 28.06, 'ndev': 10000, 'ntest': 10000}, 'CR': {'devacc': 74.53, 'acc': 75.04, 'ndev': 3775, 'ntest': 3775}, 'MR': {'devacc': 70.18, 'acc': 70.31, 'ndev': 10662, 'ntest': 10662}, 'MPQA': {'devacc': 83.55, 'acc': 83.88, 'ndev': 10606, 'ntest': 10606}, 'SUBJ': {'devacc': 89.81, 'acc': 90.34, 'ndev': 10000, 'ntest': 10000}, 'SST2': {'devacc': 74.77, 'acc': 75.89, 'ndev': 872, 'ntest': 1821}, 'SST5': {'devacc': 37.24, 'acc': 37.6, 'ndev': 1101, 'ntest': 2210}}
./finetuned-scrumbled-wikitext2-3e-4/checkpoint-4320	{'Length': {'devacc': 62.27, 'acc': 56.63, 'ndev': 10000, 'ntest': 10000}, 'Tense': {'devacc': 80.85, 'acc': 77.72, 'ndev': 10000, 'ntest': 10000}, 'Depth': {'devacc': 28.81, 'acc': 28.59, 'ndev': 10000, 'ntest': 10000}, 'CR': {'devacc': 74.52, 'acc': 75.44, 'ndev': 3775, 'ntest': 3775}, 'MR': {'devacc': 70.27, 'acc': 70.58, 'ndev': 10662, 'ntest': 10662}, 'MPQA': {'devacc': 83.95, 'acc': 84.26, 'ndev': 10606, 'ntest': 10606}, 'SUBJ': {'devacc': 89.93, 'acc': 90.43, 'ndev': 10000, 'ntest': 10000}, 'SST2': {'devacc': 75.46, 'acc': 74.63, 'ndev': 872, 'ntest': 1821}, 'SST5': {'devacc': 36.06, 'acc': 38.46, 'ndev': 1101, 'ntest': 2210}}
./finetuned-scrumbled-wikitext2-3e-4/checkpoint-4400	{'Length': {'devacc': 58.91, 'acc': 54.24, 'ndev': 10000, 'ntest': 10000}, 'Tense': {'devacc': 81.03, 'acc': 79.25, 'ndev': 10000, 'ntest': 10000}, 'Depth': {'devacc': 28.32, 'acc': 27.92, 'ndev': 10000, 'ntest': 10000}, 'CR': {'devacc': 75.17, 'acc': 75.2, 'ndev': 3775, 'ntest': 3775}, 'MR': {'devacc': 70.09, 'acc': 69.92, 'ndev': 10662, 'ntest': 10662}, 'MPQA': {'devacc': 83.8, 'acc': 84.18, 'ndev': 10606, 'ntest': 10606}, 'SUBJ': {'devacc': 89.79, 'acc': 89.99, 'ndev': 10000, 'ntest': 10000}, 'SST2': {'devacc': 75.23, 'acc': 75.07, 'ndev': 872, 'ntest': 1821}, 'SST5': {'devacc': 37.69, 'acc': 38.6, 'ndev': 1101, 'ntest': 2210}}
./finetuned-scrumbled-wikitext2-3e-4/checkpoint-4480	{'Length': {'devacc': 63.77, 'acc': 62.37, 'ndev': 10000, 'ntest': 10000}, 'Tense': {'devacc': 81.5, 'acc': 79.67, 'ndev': 10000, 'ntest': 10000}, 'Depth': {'devacc': 27.19, 'acc': 27.52, 'ndev': 10000, 'ntest': 10000}, 'CR': {'devacc': 74.08, 'acc': 75.44, 'ndev': 3775, 'ntest': 3775}, 'MR': {'devacc': 70.36, 'acc': 70.41, 'ndev': 10662, 'ntest': 10662}, 'MPQA': {'devacc': 85.06, 'acc': 85.57, 'ndev': 10606, 'ntest': 10606}, 'SUBJ': {'devacc': 89.6, 'acc': 90.04, 'ndev': 10000, 'ntest': 10000}, 'SST2': {'devacc': 75.34, 'acc': 74.74, 'ndev': 872, 'ntest': 1821}, 'SST5': {'devacc': 37.15, 'acc': 37.74, 'ndev': 1101, 'ntest': 2210}}
./finetuned-scrumbled-wikitext2-3e-4/checkpoint-4560	{'Length': {'devacc': 56.02, 'acc': 56.51, 'ndev': 10000, 'ntest': 10000}, 'Tense': {'devacc': 81.41, 'acc': 77.59, 'ndev': 10000, 'ntest': 10000}, 'Depth': {'devacc': 28.65, 'acc': 28.02, 'ndev': 10000, 'ntest': 10000}, 'CR': {'devacc': 74.52, 'acc': 76.13, 'ndev': 3775, 'ntest': 3775}, 'MR': {'devacc': 70.18, 'acc': 70.08, 'ndev': 10662, 'ntest': 10662}, 'MPQA': {'devacc': 84.0, 'acc': 84.74, 'ndev': 10606, 'ntest': 10606}, 'SUBJ': {'devacc': 89.98, 'acc': 90.78, 'ndev': 10000, 'ntest': 10000}, 'SST2': {'devacc': 74.08, 'acc': 75.4, 'ndev': 872, 'ntest': 1821}, 'SST5': {'devacc': 37.42, 'acc': 38.82, 'ndev': 1101, 'ntest': 2210}}
./finetuned-scrumbled-wikitext2-3e-4/checkpoint-4640	{'Length': {'devacc': 58.8, 'acc': 58.9, 'ndev': 10000, 'ntest': 10000}, 'Tense': {'devacc': 81.05, 'acc': 77.69, 'ndev': 10000, 'ntest': 10000}, 'Depth': {'devacc': 28.08, 'acc': 28.11, 'ndev': 10000, 'ntest': 10000}, 'CR': {'devacc': 74.12, 'acc': 75.71, 'ndev': 3775, 'ntest': 3775}, 'MR': {'devacc': 70.26, 'acc': 70.6, 'ndev': 10662, 'ntest': 10662}, 'MPQA': {'devacc': 83.92, 'acc': 84.73, 'ndev': 10606, 'ntest': 10606}, 'SUBJ': {'devacc': 89.86, 'acc': 90.55, 'ndev': 10000, 'ntest': 10000}, 'SST2': {'devacc': 74.2, 'acc': 75.51, 'ndev': 872, 'ntest': 1821}, 'SST5': {'devacc': 37.51, 'acc': 39.05, 'ndev': 1101, 'ntest': 2210}}
./finetuned-scrumbled-wikitext2-3e-4/checkpoint-4720	{'Length': {'devacc': 58.56, 'acc': 56.15, 'ndev': 10000, 'ntest': 10000}, 'Tense': {'devacc': 80.21, 'acc': 77.24, 'ndev': 10000, 'ntest': 10000}, 'Depth': {'devacc': 27.94, 'acc': 27.49, 'ndev': 10000, 'ntest': 10000}, 'CR': {'devacc': 74.22, 'acc': 75.92, 'ndev': 3775, 'ntest': 3775}, 'MR': {'devacc': 70.11, 'acc': 70.57, 'ndev': 10662, 'ntest': 10662}, 'MPQA': {'devacc': 82.92, 'acc': 83.42, 'ndev': 10606, 'ntest': 10606}, 'SUBJ': {'devacc': 89.21, 'acc': 89.62, 'ndev': 10000, 'ntest': 10000}, 'SST2': {'devacc': 75.0, 'acc': 75.23, 'ndev': 872, 'ntest': 1821}, 'SST5': {'devacc': 37.42, 'acc': 38.51, 'ndev': 1101, 'ntest': 2210}}
./finetuned-scrumbled-wikitext2-3e-4/checkpoint-4800	{'Length': {'devacc': 65.51, 'acc': 65.59, 'ndev': 10000, 'ntest': 10000}, 'Tense': {'devacc': 81.19, 'acc': 78.24, 'ndev': 10000, 'ntest': 10000}, 'Depth': {'devacc': 28.09, 'acc': 27.61, 'ndev': 10000, 'ntest': 10000}, 'CR': {'devacc': 73.47, 'acc': 73.51, 'ndev': 3775, 'ntest': 3775}, 'MR': {'devacc': 69.49, 'acc': 70.09, 'ndev': 10662, 'ntest': 10662}, 'MPQA': {'devacc': 84.3, 'acc': 84.6, 'ndev': 10606, 'ntest': 10606}, 'SUBJ': {'devacc': 89.62, 'acc': 89.95, 'ndev': 10000, 'ntest': 10000}, 'SST2': {'devacc': 73.74, 'acc': 75.01, 'ndev': 872, 'ntest': 1821}, 'SST5': {'devacc': 36.42, 'acc': 37.33, 'ndev': 1101, 'ntest': 2210}}
./finetuned-scrumbled-wikitext2-3e-4/checkpoint-4880	{'Length': {'devacc': 60.65, 'acc': 57.95, 'ndev': 10000, 'ntest': 10000}, 'Tense': {'devacc': 80.89, 'acc': 77.21, 'ndev': 10000, 'ntest': 10000}, 'Depth': {'devacc': 27.72, 'acc': 26.91, 'ndev': 10000, 'ntest': 10000}, 'CR': {'devacc': 73.87, 'acc': 74.99, 'ndev': 3775, 'ntest': 3775}, 'MR': {'devacc': 69.22, 'acc': 69.89, 'ndev': 10662, 'ntest': 10662}, 'MPQA': {'devacc': 83.42, 'acc': 84.22, 'ndev': 10606, 'ntest': 10606}, 'SUBJ': {'devacc': 89.53, 'acc': 89.86, 'ndev': 10000, 'ntest': 10000}, 'SST2': {'devacc': 74.08, 'acc': 74.41, 'ndev': 872, 'ntest': 1821}, 'SST5': {'devacc': 36.06, 'acc': 37.06, 'ndev': 1101, 'ntest': 2210}}
./finetuned-scrumbled-wikitext2-3e-4/checkpoint-4960	{'Length': {'devacc': 61.23, 'acc': 62.72, 'ndev': 10000, 'ntest': 10000}, 'Tense': {'devacc': 81.57, 'acc': 78.61, 'ndev': 10000, 'ntest': 10000}, 'Depth': {'devacc': 27.68, 'acc': 26.73, 'ndev': 10000, 'ntest': 10000}, 'CR': {'devacc': 73.36, 'acc': 74.86, 'ndev': 3775, 'ntest': 3775}, 'MR': {'devacc': 69.52, 'acc': 69.68, 'ndev': 10662, 'ntest': 10662}, 'MPQA': {'devacc': 84.37, 'acc': 84.81, 'ndev': 10606, 'ntest': 10606}, 'SUBJ': {'devacc': 89.51, 'acc': 90.03, 'ndev': 10000, 'ntest': 10000}, 'SST2': {'devacc': 73.28, 'acc': 74.57, 'ndev': 872, 'ntest': 1821}, 'SST5': {'devacc': 36.42, 'acc': 38.14, 'ndev': 1101, 'ntest': 2210}}
./finetuned-scrumbled-wikitext2-3e-4/checkpoint-5040	{'Length': {'devacc': 59.61, 'acc': 58.42, 'ndev': 10000, 'ntest': 10000}, 'Tense': {'devacc': 81.03, 'acc': 77.5, 'ndev': 10000, 'ntest': 10000}, 'Depth': {'devacc': 29.15, 'acc': 28.41, 'ndev': 10000, 'ntest': 10000}, 'CR': {'devacc': 75.02, 'acc': 75.68, 'ndev': 3775, 'ntest': 3775}, 'MR': {'devacc': 70.24, 'acc': 70.37, 'ndev': 10662, 'ntest': 10662}, 'MPQA': {'devacc': 82.61, 'acc': 83.21, 'ndev': 10606, 'ntest': 10606}, 'SUBJ': {'devacc': 89.65, 'acc': 89.9, 'ndev': 10000, 'ntest': 10000}, 'SST2': {'devacc': 75.57, 'acc': 74.9, 'ndev': 872, 'ntest': 1821}, 'SST5': {'devacc': 36.78, 'acc': 38.01, 'ndev': 1101, 'ntest': 2210}}
./finetuned-scrumbled-wikitext2-3e-4/checkpoint-5120	{'Length': {'devacc': 59.14, 'acc': 58.9, 'ndev': 10000, 'ntest': 10000}, 'Tense': {'devacc': 81.44, 'acc': 78.1, 'ndev': 10000, 'ntest': 10000}, 'Depth': {'devacc': 28.53, 'acc': 27.91, 'ndev': 10000, 'ntest': 10000}, 'CR': {'devacc': 74.99, 'acc': 76.05, 'ndev': 3775, 'ntest': 3775}, 'MR': {'devacc': 70.22, 'acc': 70.37, 'ndev': 10662, 'ntest': 10662}, 'MPQA': {'devacc': 82.9, 'acc': 83.95, 'ndev': 10606, 'ntest': 10606}, 'SUBJ': {'devacc': 89.97, 'acc': 90.23, 'ndev': 10000, 'ntest': 10000}, 'SST2': {'devacc': 73.51, 'acc': 76.0, 'ndev': 872, 'ntest': 1821}, 'SST5': {'devacc': 39.15, 'acc': 38.64, 'ndev': 1101, 'ntest': 2210}}
./finetuned-scrumbled-wikitext2-3e-4/checkpoint-5200	{'Length': {'devacc': 60.53, 'acc': 56.03, 'ndev': 10000, 'ntest': 10000}, 'Tense': {'devacc': 81.67, 'acc': 78.17, 'ndev': 10000, 'ntest': 10000}, 'Depth': {'devacc': 29.16, 'acc': 27.74, 'ndev': 10000, 'ntest': 10000}, 'CR': {'devacc': 74.74, 'acc': 75.58, 'ndev': 3775, 'ntest': 3775}, 'MR': {'devacc': 69.83, 'acc': 70.25, 'ndev': 10662, 'ntest': 10662}, 'MPQA': {'devacc': 83.12, 'acc': 83.36, 'ndev': 10606, 'ntest': 10606}, 'SUBJ': {'devacc': 89.97, 'acc': 90.46, 'ndev': 10000, 'ntest': 10000}, 'SST2': {'devacc': 73.39, 'acc': 73.64, 'ndev': 872, 'ntest': 1821}, 'SST5': {'devacc': 38.96, 'acc': 36.65, 'ndev': 1101, 'ntest': 2210}}
./finetuned-scrumbled-wikitext2-3e-4/checkpoint-5280	{'Length': {'devacc': 58.68, 'acc': 57.35, 'ndev': 10000, 'ntest': 10000}, 'Tense': {'devacc': 81.43, 'acc': 77.1, 'ndev': 10000, 'ntest': 10000}, 'Depth': {'devacc': 29.1, 'acc': 27.96, 'ndev': 10000, 'ntest': 10000}, 'CR': {'devacc': 75.18, 'acc': 76.03, 'ndev': 3775, 'ntest': 3775}, 'MR': {'devacc': 70.7, 'acc': 71.14, 'ndev': 10662, 'ntest': 10662}, 'MPQA': {'devacc': 83.04, 'acc': 83.52, 'ndev': 10606, 'ntest': 10606}, 'SUBJ': {'devacc': 89.84, 'acc': 90.45, 'ndev': 10000, 'ntest': 10000}, 'SST2': {'devacc': 73.85, 'acc': 74.46, 'ndev': 872, 'ntest': 1821}, 'SST5': {'devacc': 35.69, 'acc': 37.1, 'ndev': 1101, 'ntest': 2210}}
./finetuned-scrumbled-wikitext2-3e-4/checkpoint-5360	{'Length': {'devacc': 57.64, 'acc': 53.76, 'ndev': 10000, 'ntest': 10000}, 'Tense': {'devacc': 80.97, 'acc': 76.93, 'ndev': 10000, 'ntest': 10000}, 'Depth': {'devacc': 28.98, 'acc': 28.03, 'ndev': 10000, 'ntest': 10000}, 'CR': {'devacc': 74.87, 'acc': 75.71, 'ndev': 3775, 'ntest': 3775}, 'MR': {'devacc': 70.59, 'acc': 70.63, 'ndev': 10662, 'ntest': 10662}, 'MPQA': {'devacc': 82.99, 'acc': 83.41, 'ndev': 10606, 'ntest': 10606}, 'SUBJ': {'devacc': 89.91, 'acc': 90.65, 'ndev': 10000, 'ntest': 10000}, 'SST2': {'devacc': 74.54, 'acc': 74.74, 'ndev': 872, 'ntest': 1821}, 'SST5': {'devacc': 37.69, 'acc': 39.1, 'ndev': 1101, 'ntest': 2210}}
./finetuned-scrumbled-wikitext2-3e-4/checkpoint-5440	{'Length': {'devacc': 55.21, 'acc': 52.81, 'ndev': 10000, 'ntest': 10000}, 'Tense': {'devacc': 80.99, 'acc': 77.06, 'ndev': 10000, 'ntest': 10000}, 'Depth': {'devacc': 29.3, 'acc': 28.06, 'ndev': 10000, 'ntest': 10000}, 'CR': {'devacc': 74.25, 'acc': 75.58, 'ndev': 3775, 'ntest': 3775}, 'MR': {'devacc': 70.4, 'acc': 70.53, 'ndev': 10662, 'ntest': 10662}, 'MPQA': {'devacc': 83.04, 'acc': 83.36, 'ndev': 10606, 'ntest': 10606}, 'SUBJ': {'devacc': 89.88, 'acc': 90.63, 'ndev': 10000, 'ntest': 10000}, 'SST2': {'devacc': 74.77, 'acc': 74.46, 'ndev': 872, 'ntest': 1821}, 'SST5': {'devacc': 36.88, 'acc': 37.96, 'ndev': 1101, 'ntest': 2210}}
./finetuned-scrumbled-wikitext2-3e-4/checkpoint-5520	{'Length': {'devacc': 54.75, 'acc': 58.66, 'ndev': 10000, 'ntest': 10000}, 'Tense': {'devacc': 80.18, 'acc': 75.72, 'ndev': 10000, 'ntest': 10000}, 'Depth': {'devacc': 28.77, 'acc': 27.83, 'ndev': 10000, 'ntest': 10000}, 'CR': {'devacc': 74.93, 'acc': 75.97, 'ndev': 3775, 'ntest': 3775}, 'MR': {'devacc': 69.84, 'acc': 70.51, 'ndev': 10662, 'ntest': 10662}, 'MPQA': {'devacc': 82.7, 'acc': 83.32, 'ndev': 10606, 'ntest': 10606}, 'SUBJ': {'devacc': 89.94, 'acc': 90.39, 'ndev': 10000, 'ntest': 10000}, 'SST2': {'devacc': 73.74, 'acc': 73.86, 'ndev': 872, 'ntest': 1821}, 'SST5': {'devacc': 36.15, 'acc': 37.06, 'ndev': 1101, 'ntest': 2210}}
./finetuned-scrumbled-wikitext2-3e-4/checkpoint-5600	{'Length': {'devacc': 52.66, 'acc': 53.41, 'ndev': 10000, 'ntest': 10000}, 'Tense': {'devacc': 80.44, 'acc': 77.16, 'ndev': 10000, 'ntest': 10000}, 'Depth': {'devacc': 29.2, 'acc': 28.57, 'ndev': 10000, 'ntest': 10000}, 'CR': {'devacc': 73.97, 'acc': 75.26, 'ndev': 3775, 'ntest': 3775}, 'MR': {'devacc': 70.33, 'acc': 70.44, 'ndev': 10662, 'ntest': 10662}, 'MPQA': {'devacc': 82.89, 'acc': 83.28, 'ndev': 10606, 'ntest': 10606}, 'SUBJ': {'devacc': 89.77, 'acc': 89.92, 'ndev': 10000, 'ntest': 10000}, 'SST2': {'devacc': 73.51, 'acc': 74.63, 'ndev': 872, 'ntest': 1821}, 'SST5': {'devacc': 34.97, 'acc': 38.05, 'ndev': 1101, 'ntest': 2210}}
./finetuned-scrumbled-wikitext2-3e-4/checkpoint-5680	{'Length': {'devacc': 58.8, 'acc': 55.79, 'ndev': 10000, 'ntest': 10000}, 'Tense': {'devacc': 80.37, 'acc': 76.27, 'ndev': 10000, 'ntest': 10000}, 'Depth': {'devacc': 29.03, 'acc': 28.44, 'ndev': 10000, 'ntest': 10000}, 'CR': {'devacc': 74.32, 'acc': 75.81, 'ndev': 3775, 'ntest': 3775}, 'MR': {'devacc': 70.14, 'acc': 70.73, 'ndev': 10662, 'ntest': 10662}, 'MPQA': {'devacc': 82.63, 'acc': 83.22, 'ndev': 10606, 'ntest': 10606}, 'SUBJ': {'devacc': 90.13, 'acc': 90.42, 'ndev': 10000, 'ntest': 10000}, 'SST2': {'devacc': 74.31, 'acc': 73.26, 'ndev': 872, 'ntest': 1821}, 'SST5': {'devacc': 35.88, 'acc': 36.61, 'ndev': 1101, 'ntest': 2210}}
